# Netlify redirects

# From aliases frontmatter
/scientist-woman-picture/ /articles/scientist-woman-picture/
/correction-policy/ /articles/correction-policy/
/why-we-talk-about-race/ /articles/why-we-talk-about-race/
/rtb-thinking-about-evolution/ /videos/rtb-thinking-about-evolution/
/heiser-sacred-natural/ /videos/heiser-sacred-natural/
/biologos-stealth-deletes-an-article/ /articles/biologos-stealth-deletes-an-article/
/paumore-musings-on-killmitzer/ /articles/paumore-musings-on-killmitzer/
/inazu-humility-tolerance-patience/ /videos/inazu-humility-tolerance-patience/
/barbara-forrest-trojan-horse-at-dover/ /videos/barbara-forrest-trojan-horse-at-dover/
/coronavirus-beauty/ /articles/coronavirus-beauty/
/baldi-ai-science/ /videos/baldi-ai-science/
/tour-friendship-across-disagreements/ /videos/tour-friendship-across-disagreements/
/bryan-butler-image-of-god/ /articles/bryan-butler-image-of-god/
/why-i-went-public-evolution/ /articles/why-i-went-public-evolution/
/going-public-wsj/ /articles/going-public-wsj/
/miller-textbook-dover/ /videos/miller-textbook-dover/
/dover-behe/ /videos/dover-behe/
/kenneth-kemp-war/ /articles/kenneth-kemp-war/
/scott-dover-science-hat/ /videos/scott-dover-science-hat/
/greg-cootsona-intelligent-design/ /articles/greg-cootsona-intelligent-design/
/venus-phosphine/ /articles/venus-phosphine/
/ecklund-science-faith/ /videos/ecklund-science-faith/
/glenn-morton/ /articles/glenn-morton/
/steven-olson-the-apocalypse-factory/ /videos/steven-olson-the-apocalypse-factory/
/stephen-matheson-humanists-invitation/ /articles/stephen-matheson-humanists-invitation/
/ortlund-augustine/ /articles/ortlund-augustine/
/humans-rendered-apart/ /articles/humans-rendered-apart/
/definition-race/ /articles/definition-race/
/quayshawn-spencer-race/ /videos/quayshawn-spencer-race/
/rutherford-racist/ /videos/rutherford-racist/
/moreland-minds-soul/ /videos/moreland-minds-soul/
/garvey-theology-garden/ /articles/garvey-theology-garden/
/wlc-genetic-challenge/ /articles/wlc-genetic-challenge/
/ortlund-hills/ /articles/ortlund-hills/
/godawa-midrash/ /articles/godawa-midrash/
/ancestral-shadow/ /articles/ancestral-shadow/
/repairing-the-fracture/ /articles/repairing-the-fracture/
/mission-and-values/ /articles/mission-and-values/
/response-to-madueme-scripture/ /articles/response-to-madueme-scripture/
/gregg-davidson-resurrection-dawkins/ /articles/gregg-davidson-resurrection-dawkins/
/written-of-interviews-gae/ /articles/written-of-interviews-gae/
/implicated-vs-incidental/ /articles/implicated-vs-incidental/
/covid-19-created-designed/ /articles/covid-19-created-designed/
/wrong-on-monophyletic/ /articles/wrong-on-monophyletic/
/garden-path/ /articles/garden-path/
/garvey-generations/ /articles/garvey-generations/
/art-and-ancestry/ /articles/art-and-ancestry/
/andy-walsh-the-resurrection/ /articles/andy-walsh-the-resurrection/
/managing-mistakes/ /articles/managing-mistakes/
/metzger-new-wine-new-wineskins/ /articles/metzger-new-wine-new-wineskins/
/human-origins-rtb-workshop/ /articles/human-origins-rtb-workshop/
/isolation-tasmania/ /articles/isolation-tasmania/
/new-old-ancient-conversation/ /articles/new-old-ancient-conversation/
/sy-garte-resurrection/ /articles/sy-garte-resurrection/
/logo-meaning/ /articles/logo-meaning/
/lents-in-usa-today/ /articles/lents-in-usa-today/
/changing-faces/ /articles/changing-faces/
/trust-between-worlds/ /articles/trust-between-worlds/
/rygiol-science-art/ /articles/rygiol-science-art/
/wsj-ai-evangelicals/ /articles/wsj-ai-evangelicals/
/launching/ /articles/launching/
/humility-of-our-scholars/ /articles/humility-of-our-scholars/
/publisher-report/ /articles/publisher-report/
/one-flesh-joint-intentionality/ /articles/one-flesh-joint-intentionality/
/cootsona-adam-eve/ /articles/cootsona-adam-eve/
/bring-questions-of-ai/ /articles/bring-questions-of-ai/
/on-peaceful-science/ /articles/on-peaceful-science/
/billy-graham-anthropology/ /articles/billy-graham-anthropology/
/zachary-ardern-resurrection-and-reality/ /articles/zachary-ardern-resurrection-and-reality/
/fair-hearing-behe/ /articles/fair-hearing-behe/
/daniel-ang-a-scientist-looks-at-the-resurrection/ /articles/daniel-ang-a-scientist-looks-at-the-resurrection/
/agree-behe/ /articles/agree-behe/
/darwin-day-2019/ /articles/darwin-day-2019/
/narnians-martians-neanderthals/ /articles/narnians-martians-neanderthals/
/time-comes/ /articles/time-comes/
/new-voice/ /articles/new-voice/
/front-porch/ /articles/front-porch/
/much-to-discuss/ /articles/much-to-discuss/
/three-stories-on-adam/ /articles/three-stories-on-adam/
/digital-dialogue/ /articles/digital-dialogue/
/robert-canfield/ /articles/robert-canfield/
/the-axiom-of-belief/ /articles/the-axiom-of-belief/
/assess-rtb-model/ /articles/assess-rtb-model/
/invitation-to-rana/ /articles/invitation-to-rana/
/an-old-earther-on-peaceful-science/ /articles/an-old-earther-on-peaceful-science/
/cancer-evolution/ /articles/cancer-evolution/
/join-the-conversation/ /articles/join-the-conversation/
/peace-be-with-you/ /articles/peace-be-with-you/
/reworking-adam/ /articles/reworking-adam/
/todd-cade/ /articles/todd-cade/
/harris-evolutionary-evil/ /articles/harris-evolutionary-evil/
/confident-faith-science-3/ /articles/confident-faith-science-3/
/confessing-scientist/ /articles/confessing-scientist/
/genealogical-rapprochement/ /articles/genealogical-rapprochement/
/defense-tim-keller/ /articles/defense-tim-keller/
/tour-pascal/ /articles/tour-pascal/
/reviewing-adam-and-the-genome/ /videos/reviewing-adam-and-the-genome/
/confessing-jesus-in-science/ /articles/confessing-jesus-in-science/
/genealogical-science/ /articles/genealogical-science/
/confident-faith-science-2/ /articles/confident-faith-science-2/
/confident-faith-science-1/ /articles/confident-faith-science-1/
/common-ground-year-1/ /articles/common-ground-year-1/
/murphys-truthful-tree/ /articles/murphys-truthful-tree/
/theological-history-science/ /articles/theological-history-science/
/methodological-naturalism/ /articles/methodological-naturalism/
/inquiry-into-common-ground/ /articles/inquiry-into-common-ground/
/history-of-science/ /articles/history-of-science/
/camel-chews-miracle-tree/ /articles/camel-chews-miracle-tree/
/the-barthian-tree/ /articles/the-barthian-tree/
/lutherans-artistic-tree/ /articles/lutherans-artistic-tree/
/more-than-apes/ /articles/more-than-apes/
/100-year-old-tree/ /articles/100-year-old-tree/
/evidence-and-evolution/ /articles/evidence-and-evolution/
/age-rubios-earth/ /articles/age-rubios-earth/
# from redirects partial
/swamidass-confident-faith.pdf /pdfs/swamidass-confident-faith.pdf 200

